Purchase_Order_Description,Manufacturer,Part_Number,Vendor_Description
2 by 2 by 3/4 inch copper tee,OTHER MANUFACTURERS,CTKKF,2X2X3/4 WROT CXCXC TEE
2 inch lf union,IMPORT MANUFACTURERS,IBRLF125UK,LF 2 BRS 125# UNION
3/4 inch copper adators,OTHER MANUFACTURERS,CMAF,3/4 WROT CXM ADPT
3/4  inch ball valves,NIBCO,NT58580LFHCF,LF 3/4 BRZ BV 2PC FP
2 inch ball valves,MILWAUKEE VALVE,MUPBA400K,LF 2 BRZ CP 600# THRD FP BV
2 inch brass plug,IMPORT MANUFACTURERS,IBRLFCPLUGK,LF 2 BRS SQ HD CORED PLUG
2 inch copper adator,OTHER MANUFACTURERS,CMAK,2 WROT CXM ADPT
6 inch backwater valve Clean Check,RECTORSEAL CORP THE,REC97026,6IN PVC CLEAN CHECK - LESS
4 inch backwater valve Clean Check,RECTORSEAL CORP THE,REC97034,4IN PVC CLEAN CHECK W/ ADAPTER
"3 inch plain end inlet/outlet Striem 35 GPM Polyethylene oil/sand seprator, all the above per the approved submittals",SCHIER PRODUCTS,STRIEMOS35OIL/WATER,SP*015293
4 inch Floor sinks per approved submittals JRS 3150Y-10,JR SMITH,JRS3150Y0410,SP*00036880
 4 inch FCO's per approved submittal JRS 4240S-NB,JR SMITH,JRS4240S04NB,SP*00036881
"ETP-1 per approved submittals, PTS-6",SPECIFICATION SALES INC,PPPPTS6W/5/8INCONNECTIONS,SP*010122
AD-1(which was tagged as a catch basin in the approved submittals) 4 inch JRS 2624Y04-CIHP,JR SMITH,JRS2624Y04CIHP,SP*00036883
4 inch floor drain FD-2,JR SMITH,JRS2350Y04P050,SP*029264
3 inch floor drain FD-1,JR SMITH,JRS2005Y03B06NBP050,SP*027735
3 inch floor drians FD-2,JR SMITH,JRS2350Y03P050,SP*00036908
4 inch floor sinks FS-1,JR SMITH,JRS3150Y0412,SP*013975
"4 inch floor sink FS-1, was 2 inch",JR SMITH,JRS3150Y0212,SP*00036909
"4 inch floor sink FS-1, was 2 inch",JR SMITH,JRS3150Y0412,SP*013975
4 inch FCO-3,JR SMITH,JRS4040S04NBDX,SP*00036911
"2"" NHCI Pipe",AB&I FOUNDRY,***640FT/LIFT***AB&I00158,2X10 NO HUB PIPE
"3"" NHCI Pipe",AB&I FOUNDRY,***480FT/LIFT***AB&I00160,3X10 NO HUB PIPE
"4"" NHCI Pipe",AB&I FOUNDRY,***300FT/LIFT***AB&I00162,4X10 NO HUB PIPE
"10"" NHCI Pipe",AB&I FOUNDRY,***80FT/LIFT***AB&I00172,10X10 NO HUB PIPE
"12"" NHCI Pipe",AB&I FOUNDRY,***60FT/LIFT***AB&I00182,12X10 NO HUB PIPE
"2"" Type K CU Tube",CAMBRIDGELEE INDUSTRIES,MUELKH20020CAMB,2X20 K HARD COPPER
"2"" NHCI 1/8 Bend",AB&I FOUNDRY,AB&I00606,2 NO HUB 45
"3"" NHCI 1/8 Bend",AB&I FOUNDRY,AB&I00608,3 NO HUB 45
"4"" NHCI 1/8 Bend",AB&I FOUNDRY,AB&I00610,4 NO HUB 45
"6"" NHCI 1/8 Bend",AB&I FOUNDRY,AB&I00614,6 NO HUB 45
"8"" NHCI 1/8 Bend",AB&I FOUNDRY,AB&I00616,8 NO HUB 45
"12"" NHCI 1/8 Bend",AB&I FOUNDRY,AB&I00622,12 NO HUB 45
"3"" NHCI 1/4 Bend",AB&I FOUNDRY,NHREG1/4BENDAB&I00192,3 NO HUB 90
"4"" NHCI 1/4 Bend",AB&I FOUNDRY,NHREG1/4BENDAB&I00194,4 NO HUB 90
"6"" NHCI 1/4 Bend",AB&I FOUNDRY,NHREG1/4BENDAB&I00198,6 NO HUB 90
"8"" NHCI 1/4 Bend",AB&I FOUNDRY,NHREG1/4BENDAB&I00200,8 NO HUB 90
"2"" NHCI Short Sweep 1/4 Bend",AB&I FOUNDRY,NHCODE1/4BENDAB&I00462,2 NO HUB SHORT SWEEP CODE
"3"" NHCI Short Sweep 1/4 Bend",AB&I FOUNDRY,NHCODE1/4BENDAB&I00464,3 NO HUB SHORT SWEEP CODE
"4"" NHCI Short Sweep 1/4 Bend",AB&I FOUNDRY,NHCODE1/4BENDAB&I00468,4 NO HUB SHORT SWEEP CODE
"6"" NHCI Short Sweep 1/4 Bend",AB&I FOUNDRY,NHCODE1/4BENDAB&I00472,6 NO HUB SHORT SWEEP CODE
"8"" NHCI Short Sweep 1/4 Bend",AB&I FOUNDRY,NHCODE1/4BENDAB&I00474,8 NO HUB SHORT SWEEP CODE
"10"" NHCI Short Sweep 1/4 Bend",AB&I FOUNDRY,NHCODE1/4BENDAB&I00476,10 NO HUB SHORT SWEEP CODE
"12"" NHCI Short Sweep 1/4 Bend",AB&I FOUNDRY,NHCODE1/4BENDAB&I00482,12 NO HUB SHORT SWEEP CODE
"3"" NHCI 1/16 Bend",AB&I FOUNDRY,AB&I00680,3 NO HUB 22
"4"" NHCI 1/16 Bend",AB&I FOUNDRY,AB&I00682,4 NO HUB 22
"6"" NHCI 1/16 Bend",AB&I FOUNDRY,AB&I00686,6 NO HUB 22
"4"" NHCI IAPMO Fig. 5",AB&I FOUNDRY,AB&I08062,4 NO HUB FIGURE 5
"2"" NHCI Combo",AB&I FOUNDRY,AB&I01698,2 NO HUB COMBO
"3"" NHCI Combo",AB&I FOUNDRY,AB&I01702,3 NO HUB COMBO
"3""x2"" NHCI Combo",AB&I FOUNDRY,AB&I01700,3X2 NO HUB COMBO
"4"" NHCI Combo",AB&I FOUNDRY,AB&I01708,4 NO HUB COMBO
"4""x2"" NHCI Combo",AB&I FOUNDRY,AB&I01704,4X2 NO HUB COMBO
"4""x3"" NHCI Combo",AB&I FOUNDRY,AB&I01706,4X3 NO HUB COMBO
"6"" NHCI Combo",AB&I FOUNDRY,AB&I01726,6 NO HUB COMBO
"6""x2"" NHCI Combo",AB&I FOUNDRY,AB&I01718,6X2 NO HUB COMBO
"6""x3"" NHCI Combo",AB&I FOUNDRY,AB&I01720,6X3 NO HUB COMBO
"6""x4"" NHCI Combo",AB&I FOUNDRY,AB&I01722,6X4 NO HUB COMBO
"8"" NHCI Combo",AB&I FOUNDRY,AB&I01734,8 NO HUB COMBO
"6"" ProFlex 3000 Coupling",FERNCO INC,FERN300066,"6"" NHXPLASTIC/STEEL SHIELDED"
"2"" Husky HD2000 Coupling",ANACO,ANACO2006(75/BOX),2 HD2000 OT HD NH CPLG
"3"" Husky HD2000 Coupling",ANACO,ANACO2008(48/BOX),3 HD2000 OT HD NH CPLG
"4"" Husky HD2000 Coupling",ANACO,ANACO2010(48/BOX),4 HD2000 OT HD NH CPLG
"6"" Husky HD2000 Coupling",ANACO,ANACO2014(15/BOX),6 HD2000 OT HD NH CPLG
"8"" Husky HD2000 Coupling",ANACO,ANACO2016(15/BOX),8 HD2000 OT HD NH CPLG
"10"" Husky HD2000 Coupling",ANACO,ANACO2017(12/BOX),10 HD2000 OT HD NH CPLG
"12"" Husky SD4000 Coupling",ANACO,ANACO4018(2/BOX),12 SD4000 ORNG HD NH CPLG
"2"" CU Sweat 90",ELKHART PRODUCTS CORP,EPC10031322MUELW02086,2 CXC 90
"6"" CU Sweat 90",ELKHART PRODUCTS CORP,EPC10031368(1/BX)(1/CASE),6 CXC 90 EL
"4"" NHCI P-Trap",AB&I FOUNDRY,AB&I00838,6X3 NO HUB SAN TEE
"4"" NHCI P-Trap",AB&I FOUNDRY,AB&I02512,4 NO HUB P-TRAP
"6""x3"" NHCI San Tee",AB&I FOUNDRY,AB&I00838,6X3 NO HUB SAN TEE
"6""x3"" NHCI San Tee",AB&I FOUNDRY,AB&I02512,4 NO HUB P-TRAP
"6"" NHCI P-Trap",AB&I FOUNDRY,AB&I02514,6 NO HUB P-TRAP
"2"" NHCI P-Trap w/ 1/2"" Primer Tap",AB&I FOUNDRY,AB&I08530,2 NO HUB TAPPED P-TRAP
"3"" NHCI P-Trap w/ 1/2"" Primer Tap",AB&I FOUNDRY,AB&I08532,3 NO HUB TAPPED P-TRAP
"4"" NHCI P-Trap w/ 1/2"" Primer Tap",AB&I FOUNDRY,AB&I08534,4 NO HUB TAPPED P-TRAP
"6"" NHCI P-Trap w/ 1/2"" Primer Tap",CHARLOTTE PIPE & FOUNDRY,1/2INTAPCHARLOTTE13917,6 NO HUB TAPPED P-TRAP
"6"" NHCI Blind Plug",AB&I FOUNDRY,AB&I02490,6 NO HUB BLIND PLUG
"6""x3"" NHCI Short Reducer",AB&I FOUNDRY,SHORTPATTERNAB&I02154,6X3 NO HUB REDUCER
"6""x4"" NHCI Short Reducer",AB&I FOUNDRY,SHORTPATTERNAB&I02156,6X4 NO HUB REDUCER
"8""x6"" NHCI Short Reducer",AB&I FOUNDRY,SHORTPATTERNAB&I02168,8X6 NO HUB REDUCER
"12""x4"" NHCI Short Reducer",AB&I FOUNDRY,SHORTPATTERNAB&I02184,12X4 NO HUB REDUCER
"12""x8"" NHCI Short Reducer",AB&I FOUNDRY,SHORTPATTERNAB&I02188,12X8 NO HUB REDUCER
"6"" NHCI San Tee",AB&I FOUNDRY,AB&I00836,6 NO HUB SAN TEE
"8"" NHCI San Tee",AB&I FOUNDRY,AB&I00850,8 NO HUB SAN TEE
"4"" NHCI Clean Out Tee",AB&I FOUNDRY,AB&I02050,4 NO HUB CLEANOUT TEE
"4"" NHCI Wye",AB&I FOUNDRY,AB&I01324,4 NO HUB WYE
"4""x2"" NHCI Wye",AB&I FOUNDRY,AB&I01320,4X2 NO HUB WYE
"4""x3"" NHCI Wye",AB&I FOUNDRY,AB&I01322,4X3 NO HUB WYE
"6""x4"" NHCI Wye",AB&I FOUNDRY,AB&I01338,6X4 NO HUB WYE
"8"" NHCI Wye",AB&I FOUNDRY,AB&I01354,8 NO HUB WYE
"12"" NHCI Wye",AB&I FOUNDRY,AB&I01372,12 NO HUB WYE
"4""x2"" NHCI Upright Wye",AB&I FOUNDRY,AB&I01652,4X2 NO HUB UPRIGOT WYE
"3"" NHCI Pipe",AB&I FOUNDRY,***480FT/LIFT***AB&I00160,3X10 NO HUB PIPE
"4"" NHCI Pipe",AB&I FOUNDRY,***300FT/LIFT***AB&I00162,4X10 NO HUB PIPE
"6"" NHCI Pipe",AB&I FOUNDRY,***210FT/LIFT***AB&I00168,6X10 NO HUB PIPE
"1 1/2"" Type K CU Tube",CAMBRIDGELEE INDUSTRIES,MUELKH14020CAMB,1 1/2X20 K HARD
"3"" Type K CU Tube",CAMBRIDGELEE INDUSTRIES,MUELKH30020CAMB,3X20 K HARD COPPER
"3"" Type L CU Tube",CAMBRIDGELEE INDUSTRIES,MUELLH30020CAMB,3X20 L HARD COPPER
"3"" NHCI 1/8 Bend",AB&I FOUNDRY,AB&I00608,3 NO HUB 45
"4"" NHCI 1/8 Bend",AB&I FOUNDRY,AB&I00610,4 NO HUB 45
"3"" NHCI 1/4 Bend",AB&I FOUNDRY,NHREG1/4BENDAB&I00192,3 NO HUB 90
"3"" NHCI Short Sweep 1/4 Bend",AB&I FOUNDRY,NHCODE1/4BENDAB&I00464,3 NO HUB SHORT SWEEP CODE
"4"" NHCI Short Sweep 1/4 Bend",AB&I FOUNDRY,NHCODE1/4BENDAB&I00468,4 NO HUB SHORT SWEEP CODE
"6"" NHCI Short Sweep 1/4 Bend",AB&I FOUNDRY,NHCODE1/4BENDAB&I00472,6 NO HUB SHORT SWEEP CODE
"4"" NHCI 1/16 Bend",AB&I FOUNDRY,AB&I00682,4 NO HUB 22
"6"" NHCI Combo",AB&I FOUNDRY,AB&I01726,6 NO HUB COMBO
"6""x3"" NHCI Combo",AB&I FOUNDRY,AB&I01720,6X3 NO HUB COMBO
"6""x4"" NHCI Combo",AB&I FOUNDRY,AB&I01722,6X4 NO HUB COMBO
"3"" Husky HD2000 Coupling",ANACO,ANACO2008(48/BOX),3 HD2000 OT HD NH CPLG
"4"" Husky HD2000 Coupling",ANACO,ANACO2010(48/BOX),4 HD2000 OT HD NH CPLG
"6"" Husky HD2000 Coupling",ANACO,ANACO2014(15/BOX),6 HD2000 OT HD NH CPLG
"8"" Husky HD2000 Coupling",ANACO,ANACO2016(15/BOX),8 HD2000 OT HD NH CPLG
"1 1/2"" CU Sweat 90",ELKHART PRODUCTS CORP,EPC10031314MUELW02085,1 1/2 CXC 90
"3"" CU Sweat 90",ELKHART PRODUCTS CORP,EPC10031338MUELW02088,3 CXC 90
"6"" CU Sweat 90",ELKHART PRODUCTS CORP,EPC10031368(1/BX)(1/CASE),6 CXC 90 EL
"4"" NHCI P-Trap w/ 1/2"" Primer Tap",AB&I FOUNDRY,AB&I08534,4 NO HUB TAPPED P-TRAP
"6"" NHCI P-Trap w/ 1/2"" Primer Tap",CHARLOTTE PIPE & FOUNDRY,1/2INTAPCHARLOTTE13917,6 NO HUB TAPPED P-TRAP
"8""x6"" NHCI Short Reducer",AB&I FOUNDRY,SHORTPATTERNAB&I02168,8X6 NO HUB REDUCER
"6""x4"" NHCI Wye",AB&I FOUNDRY,AB&I01338,6X4 NO HUB WYE
"6"" Type K CU Tube",OTHER MANUFACTURERS,KHARDU20,6 X 20 K HARD COP TUBE
"6"" Type K CU Tube",OTHER MANUFACTURERS,KHARDU20,6 X 20 K HARD COP TUBE
1/2 inch pex rings,UPONOR INC,UPOQ4690512,1/2 PROPEX RING W/STOP BG=50
1/2 inch wisbo brass pex couplings,UPONOR INC,UPOLF4545050,1/2 PEX LF BRS CPLG BG=25
1/2 inch poly pex caps,UPONOR INC,UPOQ4350500,1/2 PEX PLUG BG=25
1/2 inch pex by 1/2 inch brass mip adaptors,UPONOR INC,UPOLF4525050,1/2 PEXXMIP LF ADAPT BG=25
1/2 inch pex by 1/2 inch mip by pex 90's adaptors,UPONOR INC,UPOLF4125050,1/2X1/2 LF PEXXMIP BRS STREET
1/2 inch sleeved pex tubing 400 FEET,UPONOR,UF1091500,1/2X400 PRE SLVED AQUAPEX BLUE
1/2 inch sleeved pex tubing 400 FEET,UPONOR,UF1091500,1/2X400 PRE SLVED AQUAPEX BLUE
A1202HS Gold - 10',SUP,SUPA1202HS10GOLD,"HALF SLOT 1-5/8"" X 1-5/8"" X 3-1/4"" BACK/BACK STRUT 12GA 10' GOLD"
"4"" Rigid Strut Clamp - Gold",SUP,SUP7024,"GOLD 4"" RIGID PIPE CLAMP STRUT TUBING STRAP   [25/BX]"
"3"" Rigid Strut Clamp - Gold",SUP,SUP7023,"GOLD 3"" RIGID PIPE CLAMP STRUT TUBING STRAP   [50/BX]"
"2"" Rigid Strut Clamp - Gold",SUP,SUP7022,"GOLD 2"" RIGID PIPE CLAMP STRUT TUBING STRAP   [50/BX]"
P2073A - Gold,SUP,SUPAP235SQ,GOLD SQUARE DOUBLE STRUT POST BASE W/ CHANNEL SQUARED TO THE PLATE
"1/2""x5"" Powers Wedge Anchor - Plated",POWERS,POWERS7424SD1,"POWER STUD+ 1/2"" X 5-1/2"" WEDGE ANCHOR [50/150]"
"1/2""x1"" Cap Screw - Plated",HHC,HHC1/2X1BULK,"HEX HEAD BOLT 1/2-13 X 1"" C/S CAP SCREW ZINC PLATED [600/KEG]"
"1/2"" Strut Nut - Plated",UNISTRUT,UNISTRUTP3010EG,"1/2"" THICK STRUT SILVER NUT SPRINGLESS [100/BX]"
"1/2"" Cut Washer - Plated",CWA,CWA1/2USSZINCPKG,"CUT FLAT WASHER 1/2"" USS ZINC PLATED [WFB1008] [100/PK] [600/CS]"
"1/2"" Square Washer - Gold",UNISTRUT,UNISTRUTP1064ZD,"GOLD 1/2"" SQUARE WASHER FOR STRUT CHANNEL YELLOW ZINC [100/BX]"
Sil Foam,SEI,SEISILL55,"SILL SEAL 5-1/2"" X 50FT X 3/16"" ROLL SHELTERSEAL POLYETHYLENE FOAM"
"2"" 10mil Tape",SHURTAPE,SHURTAPE104779,"PW 100 BPT 10 MIL 2"" X 33.3YD PIPE CORROSION RESISTANT PVC PRINTED"
Duct Tape,SHURTAPE,SHURTAPE105454,"PC 609 SILVER 2"" X 60YD DUCK PRO GRADE 10 MIL DUCT TAPE [48MM X 55M]"
"3/4"" Rigid Strut Clamp - Gold",SUP,SUP7023/4,"GOLD 3/4"" RIGID PIPE CLAMP STRUT TUBING STRAP   [100/BX]"
A1200 Gold - 10',SUP,SUPA120010GOLD,"SOLID 1-5/8"" X 1-5/8"" SINGLE STRUT 12GA 10' GOLD CHANNEL"
A1843 Gold,UNISTRUT,UNISTRUTP1546ZD,GOLD 2-HOLE 45 DEGREE OUTSIDE ANGLE FITTING BRACKET YELLOW ZINC
"1/2"" Square Washer  - Gold",SUP,SUPAB2411/2,"GOLD 1/2"" SQUARE WASHER FOR STRUT CHANNEL YELLOW ZINC [100/BX]"
P1873 Gold,SUP,SUPAB263,GOLD FLAT 5-HOLE CORNER GUSSET PLATE YELLOW ZINC FITTING [10/BX]
"1/2""x1"" Cap Screw - Plated",HHC,HHC1/2X1BULK,"HEX HEAD BOLT 1/2-13 X 1"" C/S CAP SCREW ZINC PLATED [600/KEG]"
"1/2""x5"" Powers Wedge Anchor - Plated",POWERS,POWERS7424SD1,"POWER STUD+ 1/2"" X 5-1/2"" WEDGE ANCHOR [50/150]"
"1/2"" Cut Washer - Plated",CWA,CWA1/2USSZINCPKG,"CUT FLAT WASHER 1/2"" USS ZINC PLATED [WFB1008] [100/PK] [600/CS]"
"1/2"" Strut Nut - Plated",UNISTRUT,UNISTRUTP3010EG,"1/2"" THICK STRUT SILVER NUT SPRINGLESS [100/BX]"
"8"" Rigid Strut Clamp - Gold",SUP,SUP7028,"GOLD 8"" RIGID PIPE CLAMP STRUT TUBING STRAP   [10/BX]"
"6"" Rigid Strut Clamp - Gold",SUP,SUP7026,"GOLD 6"" RIGID PIPE CLAMP STRUT TUBING STRAP   [10/BX]"
"4"" Rigid Strut Clamp - Gold",SUP,SUP7024,"GOLD 4"" RIGID PIPE CLAMP STRUT TUBING STRAP   [25/BX]"
6 inch ditto,ASC,05000260ZL,"260 6""  GALV ADJ CLEVIS HNGR"
6 same,ASC,05000260ZL,"260 6""  GALV ADJ CLEVIS HNGR"
A1200 HS gold,SUP,SUPA1200HS20GOLD,"HALF SLOT 1-5/8"" X 1-5/8"" SINGLE STRUT 12GA 20' YELLOW ZINC CHANNEL"
A1200 gold,SUP,SUPA120020GOLD,"SOLID 1-5/8"" X 1-5/8"" SINGLE STRUT 12GA 20' GOLD CHANNEL"
SUP702 - 3-1/2,SUP,SUP70231/2,"GOLD 3-1/2"" RIGID STRUT CLAMP 4"" OD FOR 3-1/2"" GRC CONDUIT"
SUPAB239-2,SUP,SUPAB2392,"GOLD ANGULAR FITTING KNEE BRACE 17"" LONG [10/BX]"
"1/2""x1"" Cap Screw - Plated",HHC,HHC1/2X1PKG,"HEX HEAD BOLT 1/2""-13 X 1"" C/S CAP SCREW ZINC PLATED [HZ28100]"
"1/2"" Strut Nut - Plated",SUP,SUPAB1001/2EG,"SILVER EG 1/2"" SPRINGLESS STRUT CHANNEL NUT ZINC PLATED [100/BX]"
3/8 nuts for above,NUT,NUT3/8ZINCPKG,"FINISH HEX NUT 3/8""-16 ZINC PLATED [FNC0060] [100/PK] [1800/CS]"
3/8 flat wash for above,CWA,CWA3/8USSZINCPKG,"CUT FLAT WASHER 3/8"" USS ZINC PLATED [WFB1006] [100/PK] [2400/CS]"
3X10 NO HUB PIP E,AB&I FOUNDRY,***480FT/LIFT***AB&I00160,3X10 NO HUB PIPE
1 1/2X20 L HARD COPPER,CAMBRIDGELEE INDUSTRIES,MUELLH14020CAMB,1 1/2X20 L HARD COPPER
2X20 L HARD COP PER,CAMBRIDGELEE INDUSTRIES,MUELLH20020CAMB,2X20 L HARD COPPER
3X20 L HARD COP PER,CAMBRIDGELEE INDUSTRIES,MUELLH30020CAMB,3X20 L HARD COPPER
3/4X20 L HARD C OPPER,CAMBRIDGELEE INDUSTRIES,MUELLH06020CAMB,3/4X20 L HARD COPPER
3/4 CXM ADAPT,ELKHART PRODUCTS CORP,25/BOXEPC10030330MUEL,3/4 CXM ADAPT
1 1/2 CXC CPLG EPC 10030914 MUEL W 10149,ELKHART PRODUCTS CORP,EPC10030914MUELW10149,1 1/2 CXC CPLG
3 REG NO HUB CP LG MIS C300C ANA 0008,ANACO,MISC300CANA0008,3 REG NO HUB CPLG
1 1/2 CXC 45 EPC 10031134 MUEL W 03055,ELKHART PRODUCTS CORP,EPC10031134MUELW03055,1 1/2 CXC 45
3 CXC 45 EPC 10031156 MUEL W 03067,ELKHART PRODUCTS CORP,EPC10031156MUELW03067,3 CXC 45
1 1/2 CXC 90 EPC 10031314 MUEL W 02085,ELKHART PRODUCTS CORP,EPC10031314MUELW02085,1 1/2 CXC 90
2 CXC 90 EPC 10031322 MUEL W 02086,ELKHART PRODUCTS CORP,EPC10031322MUELW02086,2 CXC 90
3 CXC 90 EPC 10031338 MUEL W 02088,ELKHART PRODUCTS CORP,EPC10031338MUELW02088,3 CXC 90
3/4 CXC 90 50/BOX EPC 10031288 MUEL WB01634,ELKHART PRODUCTS CORP,50/BOXEPC10031288MUEL,3/4 CXC 90
6 CXC 90 EL EPC 10031368 (1/BX) (1/CASE)  MUEL W 02097,ELKHART PRODUCTS CORP,EPC10031368(1/BX)(1/CASE),6 CXC 90 EL
2 X 4 BRASS NIPPLE  SCI 4385013240,ASC ENGINEERED SOLUTIONS,SCI4385013240,2 X 4 BRASS NIPPLE
2X1 1/2X2 CXCXC TEE EPC 10032984 (5/BX) (40/CASE) MUEL W 40109,ELKHART PRODUCTS CORP,EPC10032984(5/BX)(40/CASE),2X1 1/2X2 CXCXC TEE
2X1 1/2X2 CXCXC TEE EPC 10032984 (5/BX) (40/CASE) MUEL W 40109,ELKHART PRODUCTS CORP,EPC10033020(5/BX)(40/CASE),2X3/4X2 CXCXC TEE
2X3/4X2 CXCXC T EEEPC 10033020 (5/BX) (40/CASE) MUEL W 40248,ELKHART PRODUCTS CORP,EPC10032984(5/BX)(40/CASE),2X1 1/2X2 CXCXC TEE
2X3/4X2 CXCXC T EEEPC 10033020 (5/BX) (40/CASE) MUEL W 40248,ELKHART PRODUCTS CORP,EPC10033020(5/BX)(40/CASE),2X3/4X2 CXCXC TEE
2X2X1/2 CXCXC T EE EPC 10032982 MUEL W 40107,ELKHART PRODUCTS CORP,EPC10032982MUELW40107,2X2X1/2 CXCXC TEE
3X2X3 CXCXC TEE EPC 10033162 (1/BX) (10/CASE) MUEL W 40167,ELKHART PRODUCTS CORP,EPC10033162(1/BX)(10/CASE),3X2X3 CXCXC TEE
3X2X3 CXCXC TEE EPC 10033162 (1/BX) (10/CASE) MUEL W 40167,ELKHART PRODUCTS CORP,EPC10033162(1/BX)(10/CASE),3X2X3 CXCXC TEE
3X3X1/2 CXCXC TEE EPC 10033140 (1/BX) (10/CASE) MUEL W 40145,ELKHART PRODUCTS CORP,EPC10033130MUELW40150,3X3X2 CXCXC TEE
3X3X1/2 CXCXC TEE EPC 10033140 (1/BX) (10/CASE) MUEL W 40145,ELKHART PRODUCTS CORP,EPC10033138MUELW40146,3X3X3/4 CXCXC TEE
3X3X1/2 CXCXC TEE EPC 10033140 (1/BX) (10/CASE) MUEL W 40145,ELKHART PRODUCTS CORP,EPC10033140(1/BX)(10/CASE),3X3X1/2 CXCXC TEE
3X3X2 CXCXC TEE EPC 10033130 MUEL W 40150,ELKHART PRODUCTS CORP,EPC10033130MUELW40150,3X3X2 CXCXC TEE
3X3X2 CXCXC TEE EPC 10033130 MUEL W 40150,ELKHART PRODUCTS CORP,EPC10033138MUELW40146,3X3X3/4 CXCXC TEE
3X3X2 CXCXC TEE EPC 10033130 MUEL W 40150,ELKHART PRODUCTS CORP,EPC10033140(1/BX)(10/CASE),3X3X1/2 CXCXC TEE
3X3X3/4 CXCXC T EE EPC 10033138 MUEL W 40146,ELKHART PRODUCTS CORP,EPC10033130MUELW40150,3X3X2 CXCXC TEE
3X3X3/4 CXCXC T EE EPC 10033138 MUEL W 40146,ELKHART PRODUCTS CORP,EPC10033138MUELW40146,3X3X3/4 CXCXC TEE
3X3X3/4 CXCXC T EE EPC 10033138 MUEL W 40146,ELKHART PRODUCTS CORP,EPC10033140(1/BX)(10/CASE),3X3X1/2 CXCXC TEE
SP*00037334 3X3/4X3 CXCXC TEE EPC 10033232,ELKHART PRODUCTS CORP,3X3/4X3CXCXCTEE,SP*00037334
"3 CXC ADJ COMPA NION FLANGE 2PC 4 BOLT 150# EPC 10035828 CTS BF003, MUEL W 02802NL",ELKHART PRODUCTS CORP,2PC4BOLT150#EPC10035828,3 CXC ADJ COMPANION FLANGE
"SP*00037336 3""x7-1/2"" 150# FF O/S 1/8"" GARLOCK 98206 NSF61 EPDM GASKET",GASKET TECHNOLOGY INC,"3""X71/2""150#FFO/S1/8""",SP*00037336
"SP*00037337 3""X5-3/8"" 150# RING O/S 1/8""",GASKET TECHNOLOGY INC,"3""X53/8""150#RINGO/S1/8""",SP*00037337
2-3IN FLANGE BO LT KIT 4EA 5/8-11X3IN NUT & BOLT,VIKING BOLT INC,4EA5/811X3INNUT&BOLT,2-3IN FLANGE BOLT KIT
"SP*00037341 3"" 150# FLANGE ISO KIT NUNA-N FACED PHENOLIC GASKET W/ MYLAR SLEEVES & DOUBLE WASHERS",PUGET SOUND PIPE & SUPPLY PSP,"3""150#FLANGEISOKIT",SP*00037341
261 3 GALV RISER CLAMP 05000261ZH,ASC,05000261ZH,261  3    GALV RISER CLAMP
UPBA450 2 CXC BZ FP BALL VLV SWT 2PC LEAD FREE 0740UPBA4502,MILWAUKEE,0740UPBA4502,UPBA450 2 CXC BZ FP BALL VLV
UPBA-150 3/4 BZ 600 2PC SDR LL UPBA150/UPBA450 FULL PORT 0719UPBA150AB,MILWAUKEE,0719UPBA150AB,UPBA-150 3/4 BZ 600 2PC SDR LL
UPBA150H 3/4 SWTXHOSE BALL VLV 0740UPBA150HA34,MILWAUKEE,0740UPBA150HA34,UPBA150H 3/4 SWTXHOSE BALL VLV
ML233E 3 BFLY VLV BRZ DDE 0740ML233EDL,MILWAUKEE,0740ML233EDL,ML233E 3 BFLY VLV BRZ DDE
"1/2""x1"" Cap Screw - Plated",HHC,HHC1/2X1PKG,"HEX HEAD BOLT 1/2""-13 X 1"" C/S CAP SCREW ZINC PLATED [HZ28100]"
"1/2"" Thick Strut Nut - Plated",UNISTRUT,UNISTRUTP3010EG,"1/2"" THICK STRUT SILVER NUT SPRINGLESS [100/BX]"
A208 Gold,SUP,SUPA208,GOLD 4-HOLE U-SHAPED CHANNEL JOINER ZD GALVANIZED STRUT FITTING
AB206 Gold,UNISTRUT,UNISTRUTP1065ZD,"GOLD 2-HOLE 1-5/8"" X 3-1/2"" FLAT SPLICE FITTING YELLOW ZINC [50/BX]"
A1200-20 solid gold,SUP,SUPA120020GOLD,"SOLID 1-5/8"" X 1-5/8"" SINGLE STRUT 12GA 20' GOLD CHANNEL"
strut caps,ERICO,ERICOADK421RD,"END CAP PROFILE END CAP FITS 13/16"" OR 1-5/8"" STRUT CHANNEL 41X41MM X 2"
3 nhci P-trap w 1/2 tap,AB&I FOUNDRY,AB&I08532,3 NO HUB TAPPED P-TRAP
Neon Green Survey Whisker (25 per pkg),SURVEY,SURVEYWHISKERSGREEN,25 PER BUNDLE  SCPM6 STAKE CHASERS [ MWG6 ]
Aluminum Survey Whisker Ground Stake,GRIPRITE,GRIPRITE60C,"60D NAIL COMMON 6"" BRIGHT SHANK [48CTN/PALLET] [50LB. BOX]"
6 inch fenco,FERNCO INC,FERN105666MISMR5666PASCO,6 FLEXIBLE CPLG
4 inch by 18inch cheme test with extensions,OATEY SCS,CHERNE271047,4IN LONG TEST-BALL PLUG
6 inch by 1 inch same as above,OATEY SCS,CHERNE271063,6IN LONG TEST-BALL PLUG
6 inch jim caps,IPS CORPORATION,6CAPALLPASCO4841LSP,6 RUBBER TEST CAP
4 inch cheme winged test plugs,OATEY SCS,CHERNE270245,4IN GRIPPER PLUG BX=10
6 inch ditto,OATEY SCS,CHERNE270261,6IN GRIPPER PLUG BX=5
4 inch fenco CINH by Plastic,FERNCO INC,FERN105644MISMR5644,4 FLEXIBLE CPLG
"6"" NHCI 1/8 Bend",AB&I FOUNDRY,AB&I00614,6 NO HUB 45
"6"" Husky HD2000",ANACO,ANACO2014(15/BOX),6 HD2000 OT HD NH CPLG
"6"" NHCI Wye",AB&I FOUNDRY,AB&I01342,6 NO HUB WYE
"6"" NHCI Blind Plug",AB&I FOUNDRY,AB&I02490,6 NO HUB BLIND PLUG
"3"" Double Mechanical Test Plug",PETERSEN PRODUCTS CO,PETERSENPRODUCTS149203,SP*00038015
"6"" Double Mechanical Test Plug",PETERSEN PRODUCTS CO,"PETERSONPRODUCTS1492066""",SP*023240
"8"" Double Mechanical Test Plug",PETERSEN PRODUCTS CO,"PETERSENPRODUCTS1492088""",SP*023151
"2"" Gripper Test Plug",OATEY SCS,CHERNE270229,2IN GRIPPER PLUG BX=10
"3"" Gripper Test Plug",OATEY SCS,CHERNE270237,3IN GRIPPER PLUG BX=10
"2"" Fernco DWV Test Cap",PASCO SPECIALTY,2CAPALLPASCO4418FRENCO,2 RUBBER TEST CAP
"3"" Fernco DWV Test Cap",IPS CORPORATION,3CAPALLPASCO4419LSP,3 RUBBER TEST CAP
"4"" Fernco DWV Test Cap",IPS CORPORATION,4CAPALLPASCO4422FERNCO,4 RUBBER TEST CAP
"6"" Fernco DWV Test Cap",IPS CORPORATION,6CAPALLPASCO4841LSP,6 RUBBER TEST CAP
"10"" Fernco DWV Test Cap",FERNCO INC,FERNCOQC110,SP*015838
"4"" NHCI San Tee",AB&I FOUNDRY,AB&I00822,4 NO HUB SAN TEE
"6"" NHCI San Tee",AB&I FOUNDRY,AB&I00836,6 NO HUB SAN TEE
"4"" NHCI Wye",AB&I FOUNDRY,AB&I01324,4 NO HUB WYE
"2"" NHCI Blind Plug",AB&I FOUNDRY,AB&I02482,2 NO HUB BLIND PLUG
"3"" NHCI Blind Plug",AB&I FOUNDRY,AB&I02484,3 NO HUB BLIND PLUG
"4"" NHCI Blind Plug",AB&I FOUNDRY,AB&I02486,4 NO HUB BLIND PLUG
"10"" NHCI Blind Plug",AB&I FOUNDRY,AB&I02494,10 NO HUB BLIND PLUG
"12"" NHCI Blind Plug",AB&I FOUNDRY,AB&I02496,12 NO HUB BLIND PLUG
"1/2"" MPT Boiler Drain",LEGEND VALVE,SCI4347003140LEG107327NL,1/2 MIP BOILER DRAIN
"3/4""x36"" Steel Form Stake",GRIPRITE,GRIPRITESTKR36,"STEEL 3/4"" X 36"" ROUND NAIL STAKES FOR CONCRETE & FORMWORK [10/BUNDLE]"
Qt. Black Swan No Hub Sealant,BLACK SWAN,BLACKSWAN04085,32OZ NO-HUB SEALANT
4 inch 850 Sioux chief clean out,SIOUX CHIEF MFG INC,SIOUX8504IN,SET SCREW W/8 1/4IN NB TOP
9 inch by 9 inch Fig 4910 Jr smith,JR SMITH,JRS49109X9PLAINALUMINUM,SP*00038027
4 inch Cast iron No Hub combo,AB&I FOUNDRY,AB&I01708,4 NO HUB COMBO
4 inch by 3 inch Cast iron No Hub combo,AB&I FOUNDRY,AB&I01706,4X3 NO HUB COMBO
4 inch 1/4 bend Cast iron No Hub bend,AB&I FOUNDRY,NHREG1/4BENDAB&I00194,4 NO HUB 90
"100psig Test Block w/ 3/4"" FIP Connection & Schraeder Valve",IPS CORPORATION,IPS513976PASCO1421,100# AIR TEST GAUGE ASSEMBLY
"3/4"" CU Sweat Male Adapter",ELKHART PRODUCTS CORP,25/BOXEPC10030330MUEL,3/4 CXM ADAPT
"3/4"" Milwaukee UPBA450",MILWAUKEE VALVE COMPANY,MILWVLVUPBA1503/4,3/4IN SWEAT DOMESTIC LF BRZ
"1 1/2"" CU Sweat Female Adapter",ELKHART PRODUCTS CORP,EPC10030180MUELW01279,1 1/2 CXF ADAPT
"1 1/2""x1/2"" CU Sweat Reducing Coupling",ELKHART PRODUCTS CORP,EPC10030776MUELW01069,1 1/2 X 1/2 CXC CPLG
"3""x1 1/2"" CU Sweat Reducing Coupling",ELKHART PRODUCTS CORP,EPC10030820MUELW01095,3X1-1/2 CXC CPLG
"1 1/2""X1"" CU Sweat Fitting Reducer",ELKHART PRODUCTS CORP,EPC10032092MUELW01351,1 1/2 X 1 CXFTG REDUCER
"3"" CU Sweat Brass 125# Companion Flange",ELKHART PRODUCTS CORP,4BOLT150#EPC10056652,3 CXC COMPANION FLANGE
"3"" 150# Bolt Kit - Plated",VIKING BOLT INC,4EA5/811X3INNUT&BOLT,2-3IN FLANGE BOLT KIT
"3""x1/8"" 150# Full Face Red Rubber Gasket",GASKET TECHNOLOGY INC,3INREDRUBBERFLANGEGASKET,3IN RED RUBBER FLANGE GASKET
"3"" CS 150# RF Blind Flange",PUGET SOUND PIPE & SUPPLY PSP,"3""150#RFBLINDFLANGE",SP*00038141
"1 1/2"" Sch. 80 PVC Pipe",CRESLINENORTHWESTLLC,PLAINEND,1 1/2X20 S80 PVC PIPE
"1 1/2"" Sch. 80 Male Adapter",LASCO FITTINGS INC,LASCO/SPEARS836015,1 1/2 S80 PVC SXM ADAPT
"1 1/2"" Sch. 80 PVC Cap",LASCO FITTINGS INC,LASCO/SPEARS847015,1 1/2 S80 PVC GLUE CAP
"1 1/2"" Sch. 80 PVC Coupling",LASCO FITTINGS INC,LASCO/SPEARS829015,1 1/2 S80 PVC CPLG
"1 1/2"" Sch. 80 PVC Female Adapter",LASCO FITTINGS INC,LASCO/SPEARS835015,1 1/2 S80 PVC SXF ADAPT
"3"" D.I. MJ x Flange Adapter",TYLER UNION,*00496094008,3  DI MJ X FLANGE ADAPTER
"3"" Megalug w/ Accessory Kit",EBAA,463103ACC,1103DSC 3 MEGALUG W/ACCESS KIT
"3"" CU Sweat Cap",NIBCO,41501222,617   3         COPPER END CAP
"3"" CU Sweat Coupling w/ Stop",NIBCO,41501696,600  3             CPLG W/STOP
"4""x3 1/2"" NHCI Tapped Ferrule",AB&I FOUNDRY,W/31/2INPLUGTAPAB&I08566,4 NO HUB IRON BODY CLEANOUT
"3 1/2"" Brass Sq. Head Clean Out Plug",PASCO SPECIALTY,PASCO1850,3-1/2 BRASS LIGOT DUTY RAISED
"3/8"" Hex Nut - Plated",NUT,NUT3/8ZINCPKG,"FINISH HEX NUT 3/8""-16 ZINC PLATED [FNC0060] [100/PK] [1800/CS]"
"3/8"" Cut Washer - Plated",CWA,CWA3/8USSZINCPKG,"CUT FLAT WASHER 3/8"" USS ZINC PLATED [WFB1006] [100/PK] [2400/CS]"
"3/8"" Square Washer - Gold",UNISTRUT,UNISTRUTP1063ZD,"GOLD 3/8"" SQUARE WASHER FOR STRUT CHANNEL YELLOW ZINC [100/BX]"
"3/8"" Strut Nut - Plated",UNISTRUT,UNISTRUTP3008EG,SILVER EG 3/8-16 SPRINGLESS STRUT CHANNEL NUT ZINC PLATED [100/BX]
"1/4""x1 1/4"" Fender Washer - Plated",FWA,FWA1/4X11/4ZINCPKG,"FENDER WASHER 1/4"" X 1-1/4"" OD ZINC PLATED [WFA4125] [100/PK]"
"1/4""x1 1/4"" Zamac Nail-In Anchor",POWERS,POWERS02842,"MH ZAMAC HAMMER SCREW 1/4"" X 1-1/4"" ZINC PLATED MUSHROOM HEAD ANCHOR"
Pasco 3088 Fitting Tote or Comparable,PASCO,PASCO3088,BOX CADDY 8 COMPARTMENT PIPE FITTING TRAY STEEL WITH HANDLE
"1/2"" Hex Nut - Plated",NUT,NUT1/2ZINCPKG,"FINISH HEX NUT 1/2""-13 ZINC PLATED [FNC0080 100/PK] [50/BX] [600/CS]"
"1/2"" Cut Washer - Plated",CWA,CWA1/2USSZINCPKG,"CUT FLAT WASHER 1/2"" USS ZINC PLATED [WFB1008] [100/PK] [600/CS]"
"1/2"" Strut Nut - Plated",UNISTRUT,UNISTRUTP3013EG,"SILVER EG 1/2"" SPRINGLESS STRUT CHANNEL NUT ZINC PLATED [100/BX]"
"1/2"" Square Washer - Gold",UNISTRUT,UNISTRUTP1064ZD,"GOLD 1/2"" SQUARE WASHER FOR STRUT CHANNEL YELLOW ZINC [100/BX]"
"1/2""x1 1/2"" Cap Screw - Plated",HHC,HHC1/2X11/2PKG,"HEX HEAD BOLT 1/2""-13 X 1-1/2"" C/S CAP SCREW ZINC PLATED [HZ28150]"
"260 3"" GALV ADJ CLEVIS HNGR ELECTRO GALV",ASC,05000260ZH,"260 3"" GALV ADJ CLEVIS HNGR"
"260 4"" GALV ADJ CLEVIS HNGR ELECTRO GALV",ASC,05000260ZI,"260 4""  GALV ADJ CLEVIS HNGR"
"260 5"" GALV ADJ CLEVIS HNGR ELECTRO GALV",ASC,05000260ZK,"260 5""  GALV ADJ CLEVIS HNGR"
"260 6"" GALV ADJ CLEVIS HNGR ELECTRO GALV",ASC,05000260ZL,"260 6""  GALV ADJ CLEVIS HNGR"
261 3 GALV RISER CLAMP,ASC,05000261ZH,261  3    GALV RISER CLAMP
SUP 701-2-7/8 gold,SUP,SUP70127/8,"GOLD 2-7/8"" OD PIPE CLAMP STRUT TUBING STRAP [25/BX]"
SUP 702-3 gold,SUP,SUP7023,"GOLD 3"" RIGID PIPE CLAMP STRUT TUBING STRAP   [50/BX]"
SUP 701-3-3/4 gold,SUP,SUP70133/4,"GOLD 3-3/4"" OD PIPE CLAMP STRUT TUBING STRAP [25/BX]"
SUP 701-4-1/4 gold,SUP,SUP70141/4,"GOLD 4-1/4"" OD PIPE CLAMP STRUT TUBING STRAP [25/BX]"
SUP 701-6-1/4 gold,SUP,SUP70161/4,"GOLD 6-1/4"" OD PIPE CLAMP STRUT TUBING STRAP [10/BX]"
ROD 1210 eg,ROD,ROD1210,1/2-13 X 10 FT EG THREADED ROD [PRICED PER HUNDRED FEET]
ROD 3810 eg,ROD,ROD3810,3/8-16 X 10 FT EG THREADED ROD [PRICED PER HUNDRED FEET]
SUP A12 0 OHS -10-gold,SUP,SUPA1200HS10GOLD,"HALF SLOT 1-5/8"" X 1-5/8"" SINGLE STRUT 12GA 10' YELLOW ZINC CHANNEL"
UNISTRUT P2484-ZD,UNISTRUT,UNISTRUTP2484ZD,GOLD STRUT GUSSETED FITTING 7-HOLE 90 DEGREE
UNISTRUT P1546-ZD,UNISTRUT,UNISTRUTP1546ZD,GOLD 2-HOLE 45 DEGREE OUTSIDE ANGLE FITTING BRACKET YELLOW ZINC
ISC 17 23 9 -Y sub for SUP 702 5-1/4 gold (not available),ISC,ISCI7239Y,"GOLD 5-1/4"" OD PIPE CLAMP STRUT TUBING STRAP YELLOW ZINC PLATED"
3 inc CSWT FIP,MUELLER STREAMLINE CO,MUELLERW01297,3IN CXF WROT FEM ADAPT
3 inch threaded galivaized plug,ASC ENGINEERED SOLUTIONS,SCI4316012420MATCOMGPL10,3 GALV PLUG
3 inch CSWT coupling,ELKHART PRODUCTS CORP,EPC10030920MUELW10152,3 CXC CPLG
6 inch NH cap,AB&I FOUNDRY,AB&I02490,6 NO HUB BLIND PLUG
"4"" HUSKY HD2000 BANDS",ANACO,ANACO2010(48/BOX),4 HD2000 OT HD NH CPLG
"6"" FERNCO XL 1056-662",FERNCO INC,FERN1056662,SP*00038255
sup702 6-5/8 gold,SUP,SUP7026,"GOLD 6"" RIGID PIPE CLAMP STRUT TUBING STRAP   [10/BX]"
sup702 5-5/8 gold,SUPER STRUT,70155/8,"GOLD 5-5/8"" OD PIPE CLAMP STRUT"
3/8 x 1-1/4 cap screws,HHC,HHC3/8X11/4TAPZINCPKG,"HEX HEAD TAP BOLT 3/8-16 X 1-1/4"" FULLY THREADED C/S CAP SCREW ZINC"
2 swt 90,ELKHART PRODUCTS CORP,EPC10031322MUELW02086,2 CXC 90
2 swt cap,ELKHART PRODUCTS CORP,EPC10030638MUELW07014,2 CXC TUBE CAP
3 swt cap,ELKHART PRODUCTS CORP,EPC10030642MUELW07016,3 CXC TUBE CAP
3 inch cast iron,AB&I FOUNDRY,***480FT/LIFT***AB&I00160,3X10 NO HUB PIPE
3 inch 1/8th bend,AB&I FOUNDRY,AB&I00608,3 NO HUB 45
3 inch holdrite test wedge,HOLDRITE,HOLDTRW3V,"3"" TEST WEDGE WITH VALVE"
holdrite test rite wrench,HOLDRITE,HOLDTRT23,TESTRITE SPANNER WRENCH FOR
3 inch short ear riser clamps,ASC,05000212GH,212 3    GAL STEEL MEDIUM
"3""x2"" Galvanized 150# Bushing",ASC ENGINEERED SOLUTIONS,SCI0819908286MATCOMGBU1008,3X2 GALV BUSHING
"2""x1/2"" Galvanized 150# Bushing",ASC ENGINEERED SOLUTIONS,SCI0819907858MATCOMGBU0803,2 X 1/2 GALV BUSHING
"3""x1/8"" 150# Full Face EPDM Gasket",GASKETS,1702EPDMFFJ,3     EPDM 1/8 150# FF GASKET
"3"" 150# Bolt Kit - Plated",FASTENERS,463581007,3     150 PLATED BOLT KIT
"3"" 150# Dbl. Sided Lug BFV Bolt Kit - Plated",FASTENERS,056BLBV30,"LBV-30      3"" BFV BOLT KIT"
"3"" 150# CU Sweat Companion Flange",NIBCO,0415B49560L,771-LF 3 COP 150 COMP FLG
"2""x6"" Brass Nipple",ASC ENGINEERED SOLUTIONS,SCI4385013280,2 X 6 BRASS NIPPLE
"3/4"" CU Sweat x MNPT Union",ELKHART PRODUCTS CORP,EPC10056716MUELA11211NL,3/4 CXM UNION
"3/4"" CU Sweat 90",ELKHART PRODUCTS CORP,50/BOXEPC10031288MUEL,3/4 CXC 90
"3/4"" CU Sweat Coupling / Less Stop",ELKHART PRODUCTS CORP,EPC10030956MUELW01905,3/4 CXC REPAIR CPLG
"3/4"" Milwaukee UPBA450",MILWAUKEE VALVE COMPANY,MILWVLVUPBA1503/4,3/4IN SWEAT DOMESTIC LF BRZ
"3"" CU Sweat 45",ELKHART PRODUCTS CORP,EPC10031156MUELW03067,3 CXC 45
"3"" CU Sweat 90",ELKHART PRODUCTS CORP,EPC10031338MUELW02088,3 CXC 90
"3"" CU Sweat Street 45",ELKHART PRODUCTS CORP,EPC10031228MUELW03368,3 FTGXC 45
"3"" CU Sweat Male Adapter",ELKHART PRODUCTS CORP,EPC10030400MUELW01199,3 CXM ADAPT
"2"" CU Sweat Male Adapter",ELKHART PRODUCTS CORP,EPC10030378MUELW01187,2 CXM ADAPT
"2"" CU Sweat 90",ELKHART PRODUCTS CORP,EPC10031322MUELW02086,2 CXC 90
"2"" CU Sweat Coupling w/ Stop",ELKHART PRODUCTS CORP,EPC10030916MUELW10150,2 CXC CPLG
"1 1/2"" CU Sweat Coupling w/ Stop",ELKHART PRODUCTS CORP,EPC10030914MUELW10149,1 1/2 CXC CPLG
"1/2"" Brass 125# 90",ASC ENGINEERED SOLUTIONS,SCI4385001870LEG310003NL,1/2 BRASS 90
"1/2""x6"" Brass Nipple",ASC ENGINEERED SOLUTIONS,SCI4385011300,1/2 X 6 BRASS NIPPLE
"1/2"" CU Sweat Street Female Adapter",ELKHART PRODUCTS CORP,EPC10030236MUELW01531,1/2 FTGXC FEMALE ADAPT
"2""x1/2"" CU Sweat Tee",ELKHART PRODUCTS CORP,EPC10032982MUELW40107,2X2X1/2 CXCXC TEE
Trerice 872-2 Pressure Snubber,GREAVES COMPANY INC (TRERICE),TRERICE8722PBF,1/4IN LF SNUBBER
"1/4""x2"" Brass Nipple",ASC ENGINEERED SOLUTIONS,SCI4385010430,1/4 X 2 BRASS NIPPLE
"1/4""x3"" Brass Nipple",ASC ENGINEERED SOLUTIONS,SCI4385010450,1/4 X 3 BRASS NIPPLE
"1/4"" Brass 125# 90",ASC ENGINEERED SOLUTIONS,SCI4385001830,1/4 BRASS 90
"1/4"" Milwaukee UPBA100",MILWAUKEE VALVE  COMPANY,MVCOUPBA100/UP85011/4,1/4 IP BALL VLV LF-DOMESTIC
"2"" Milwaukee UPBA450",MILWAUKEE VALVE COMPANY,MILWVLVUPBA4502,2IN SWEAT DOMESTIC LF BRZ 2PC
"2"" CU Sweat Coupling w/ Stop",ELKHART PRODUCTS CORP,EPC10030916MUELW10150,2 CXC CPLG
"1 1/4""x3/4"" Brass 125# Bushing",ASC ENGINEERED SOLUTIONS,SCI4385003110LEG310486NL,1 1/4 X 3/4 BRASS BUSHING
"3/4""x3"" Brass Nipple",ASC ENGINEERED SOLUTIONS,SCI4385011640,3/4 X 3 BRASS NIPPLE
"3/4"" Milwaukee UPBA100H",MILWAUKEE VALVE COMPANY,MILWUPBA100H3/4,MILW UPBA100H-3/4 IPS X MHT
"1/2"" Brass 125# Sq. Head Plug",ASC ENGINEERED SOLUTIONS,SCI4385006410LEG310183NL,1/2 BRASS PLUG
"1/4"" Brass 125# 90",ASC ENGINEERED SOLUTIONS,SCI4385001830,1/4 BRASS 90
Silvabrite 100,LUCAS MILHAUPT WARWICK,SILVERBEARING1/8IN1#,SILVABRITE 100 SOLDER
250ml Everflux,EVERFLUX,8OZEVERFLUX250ML,EVERFLUX-LARGE
